,Unnamed: 0,Facility Name,NPDES ID,City,State,EPA Region,Reporting Year,Certified Date,Reporting Obligation(s),Amount of Biosolids Generated,Violation Count,Violation Type(s),Management Practice Type(s),Amount of Biosolids Managed - Land Applied,Amount of Biosolids Managed - Surface Disposal,Amount of Biosolids Managed - Incinerated,Amount of Biosolids Managed - Other Management Practice,Pathogen Class(es),check_sewer_permits,sic_permits
861,3596,MSD BISSELL POINT WASTEWATER TREATMENT PLANT,MOL025178,ST. LOUIS,MO,7,2022,2023-02-17T16:46:20.643-0500,"A Class I Sludge Management Facility as defined in 40 CFR 503.9; A POTW with a design flow rate equal to or greater than one million gallons per day; A POTW that serves 10,000 people or more",23179.13803,0,,Incineration,,,23179.13803,,,other_system,"[1629, 1629, 1629]"
892,3669,MSD LEMAY WASTEWATER TREATMENT PLANT,MOL025151,ST. LOUIS,MO,7,2022,2023-02-16T16:17:55.804-0500,"A Class I Sludge Management Facility as defined in 40 CFR 503.9; A POTW with a design flow rate equal to or greater than one million gallons per day; A POTW that serves 10,000 people or more",14378.81,0,,Incineration,,,14378.81,,,other_system,"[1629, 1629, 1629]"
985,3870,LYSTEK INTERNATIONAL,CAL000001,FAIRFIELD,CA,9,2022,2023-02-21T11:44:12.082-0500,A Class I Sludge Management Facility as defined in 40 CFR 503.9,10635,0,,Land Application,10635,,,,Class A,other_system,"[7538, 7538, 4212, 4212, 7513, 7513, 8211, 3999, 4141, 7538, 7538, 8211, 4213, 4213, 4231, 3541, 3545, 3545]"
695,3117,WEST COUNTY WASTEWATER DISTRICT WWTP,CAL038539,RICHMOND,CA,9,2022,2023-02-07T14:04:03.557-0500,"A POTW with a design flow rate equal to or greater than one million gallons per day; A POTW that serves 10,000 people or more",8032,0,,Other Management Practice,,,,8032,Class B,other_system,[4941]
399,2190,JEFFERSON WWTF,TX0002542,LAREDO,TX,6,2022,2023-01-24T16:58:04.675-0500,A POTW with a design flow rate equal to or greater than one million gallons per day,7364.05,0,,Surface Disposal,,7364.05,,,Class B,other_system,"[4941, 4941, 4941]"
291,1858,THE PROCTER AND GAMBLE PAPER PRODUCTS CO,MOL044121,JACKSON,MO,7,2022,2023-01-26T09:01:00.042-0500,Other,6000,0,,Other Management Practice,,,,6000,Not Applicable,other_system,"[1629, 2621, 2621, 1629, 1629, 2676, 2674, 2676, 1629, 1629, 2676]"
717,3174,METROPOLITAN ST. LOUIS SEWER DISTRICT,MOL025160,ST. LOUIS,MO,7,2022,2023-02-17T15:07:59.202-0500,"A Class I Sludge Management Facility as defined in 40 CFR 503.9; A POTW with a design flow rate equal to or greater than one million gallons per day; A POTW that serves 10,000 people or more",4727.78,0,,Other Management Practice,,,,4727.78,Not Applicable,other_system,"[1629, 1629, 1629]"
827,3526,SAN BERNARDINO WRF,CAL105392,SAN BERNARDINO,CA,9,2022,2023-02-16T18:37:36.028-0500,"A Class I Sludge Management Facility as defined in 40 CFR 503.9; A POTW with a design flow rate equal to or greater than one million gallons per day; A POTW that serves 10,000 people or more",4580.26,0,,Other Management Practice,,,,4580.25,"Class A EQ, Class A, Not Applicable",other_system,[4941]
121,891,TURLOCK WQCF,CAL078948,TURLOCK,CA,9,2022,2023-02-18T21:02:18.796-0500,A POTW with a design flow rate equal to or greater than one million gallons per day,3097,0,,"Land Application, Other Management Practice",2228,,,869,Class B,other_system,[4941]
659,3004,BAKERSFIELD WWTP 2,CAL000407,BAKERSFIELD,CA,9,2022,2023-02-16T18:40:51.896-0500,A POTW with a design flow rate equal to or greater than one million gallons per day,2840,0,,Land Application,2840,,,,Class B,other_system,"[9229, 9223, 5541, 5171, 5171, 4613, 4226, 4226, 4613, 5171, 5171, 4226, 4226, 7212, 5541, 5541, 5541, 5541, 5541, 5541, 5541, 3357, 3357, 5541, 8299, 5541, 5541, 5541, 5541, 5541, 5541, 5541, 5541, 5541, 5541, 5541, 5541, 5541, 3823, 3823, 5541, 9621, 9621, 5541, 5541, 5541, 5541, 4911, 4911, 5541, 5541, 5541, 5541, 5541, 5541, 5541, 5912, 5912, 2873, 2873, 5541, 2099, 5541, 7538, 5541, 2675, 2675, 2657, 2675, 7538, 5531, 3841, 4212, 3672, 8062, 9229, 9223, 5541, 5541, 5541, 5541, 7538, 5015, 5015, 3499, 5084, 5651, 5251, 3479, 182, 5015, 5541, 5541, 5541, 7538, 9221, 5541, 5541, 7538, 3728, 8011, 5541, 7819, 5541, 5541, 5541, 5541, 5541, 5331, 3724, 1522, 7216, 5541, 8732, 5171, 5531, 5531, 3599, 5511, 3999, 3999, 5015, 5015, 2875, 2875, 5171, 5171, 5171, 5171, 5093, 5093, 5093, 5093, 8731, 2439, 2439, 5541, 5541, 5093, 5331, 3999, 3999, 8731]"
890,3665,EMWD - TEMECULA VALLEY RWRF,CAL000480,PERRIS,CA,9,2022,2023-02-16T18:17:33.602-0500,A POTW with a design flow rate equal to or greater than one million gallons per day,2817.19,0,,Land Application,2817.19,,,,Class B,other_system,"[172, 3569, 7513, 3569, 4212, 4212, 7948, 7999, 7999, 7549, 7549, 1522, 4911, 4911, 5541, 8051, 8051, 3398, 3398, 3398, 3398, 722, 722, 7538, 7538, 7538, 7538, 7538, 5944, 7538, 182, 7538, 7033, 172, 7538, 8051, 2273, 2273, 7538, 7538, 1389, 7336, 172, 172, 3911, 7539, 7342, 7538, 3599, 7538, 3842, 3823, 7532, 1442, 1423, 1442, 2099, 2023, 2099, 4214, 4214]"
789,3407,ELSINORE VALLEY REGIONAL FACILITY,CAL000027,LAKE ELSINORE,CA,9,2022,2023-02-13T13:03:59.442-0500,A POTW with a design flow rate equal to or greater than one million gallons per day,2606.32,0,,Other Management Practice,,,,2606.32,Not Applicable,other_system,"[2044, 2044, 2044, 3341, 5093, 3334, 5093, 3672, 3672, 3499, 3499, 3499, 5511, 5511, 5983, 8221, 4214, 4214, 7353, 7353, 5198, 5198, 4941, 9224, 5072, 3732, 3732, 3732, 7539, 5992, 4231, 2951, 2951, 3471, 3471, 3471]"
558,2646,HONOLULU SAND ISLAND WWTP,HIL020117,KAPOLEI,HI,9,2022,2023-02-17T21:19:11.667-0500,"A POTW with a design flow rate equal to or greater than one million gallons per day; A POTW that serves 10,000 people or more",2404,0,,Other Management Practice,,,,2404,Class A,other_system,"[9999, 9999]"
393,2173,CITY OF WATERLOO,IAL042650,WATERLOO,IA,7,2022,2023-01-24T12:43:53.393-0500,"A POTW with a design flow rate equal to or greater than one million gallons per day; A POTW that serves 10,000 people or more",2321.57,0,,Land Application,2321.57,,,,Class B,other_system,[4911]
895,3676,HONOLULU HONOULIULI WWTP,HIL020877,KAPOLEI,HI,9,2022,2023-02-17T21:20:46.991-0500,"A POTW with a design flow rate equal to or greater than one million gallons per day; A POTW that serves 10,000 people or more",2161.1,0,,Other Management Practice,,,,2161.1,Not Applicable,other_system,"[9999, 9999]"
369,2098,DANBURY WPCF,CTL100145,DANBURY,CT,1,2022,2023-01-18T09:39:05.969-0500,"A POTW with a design flow rate equal to or greater than one million gallons per day; A POTW that serves 10,000 people or more",2120,0,,Incineration,,,2120,,,other_system,"[9999, 9999]"
381,2138,CITY OF JOPLIN,MOL023256,JOPLIN,MO,7,2022,2023-02-14T10:12:54.439-0500,"A Class I Sludge Management Facility as defined in 40 CFR 503.9; A POTW with a design flow rate equal to or greater than one million gallons per day; A POTW that serves 10,000 people or more",1975,0,,Land Application,1975,,,,Class B,other_system,"[1629, 1629, 1629, 1629, 1629]"
398,2189,FORT COLLINS CITY OF,COL047627,FORT COLLINS,CO,8,2022,2023-02-16T17:42:44.931-0500,"A Class I Sludge Management Facility as defined in 40 CFR 503.9; A POTW with a design flow rate equal to or greater than one million gallons per day; A POTW that serves 10,000 people or more",1960.11,0,,Land Application,1960.11,,,,Class B,other_system,[9511]
304,1905,CITY OF O'FALLON,MOL028720,O'FALLON,MO,7,2022,2023-01-09T13:25:39.049-0500,A POTW with a design flow rate equal to or greater than one million gallons per day,1736.81,0,,Other Management Practice,,,,1736.81,Not Applicable,other_system,"[9511, 9511, 9511]"
66,504,DALLAS COUNTY PARK CITIES MUD WWTP,TX0128686,DALLAS,TX,6,2022,2022-09-21T14:08:11.828-0500,Other,1686,0,,Other Management Practice,,,,5761,Not Applicable,other_system,"[4941, 4941]"
768,3336,EMWD - SAN JACINTO RWRF,CAL000425,PERRIS,CA,9,2022,2023-02-15T17:44:21.984-0500,A POTW with a design flow rate equal to or greater than one million gallons per day,1544.58,0,,Land Application,1544.58,,,,Class B,other_system,"[7533, 5511, 2084, 2084, 2084, 2084, 2834, 4812, 3429, 3089, 3089, 8093, 7538, 8111, 172, 2493, 2493, 2821, 3089, 2821, 2013, 5541, 241, 742, 7216, 7538, 5521, 8111, 7538, 7532, 5015, 2836, 3241, 1429, 3241, 1429, 5015, 5015, 4212, 4212, 4213, 4213, 1389, 1389, 4213, 4213, 2099, 2099, 2671, 2671, 3711, 3711, 5171, 5171, 3841, 3841, 4212, 3711, 3711]"
639,2911,SWIFT BEEF COMPANY,UTL000281,HYRUM,UT,8,2022,2023-02-08T13:05:58.709-0500,Other,1467,0,,Land Application,1467,,,,Class A,other_system,"[2011, 2011]"
342,2029,MANTECA WQCF,CAL081558,MANTECA,CA,9,2022,2023-01-12T18:07:29.552-0500,A POTW with a design flow rate equal to or greater than one million gallons per day,1415.08,0,,Other Management Practice,,,,1415.08,Class B,other_system,[9199]
982,3863,SANTA MARIA WWTP,CAL000405,SANTA MARIA,CA,9,2022,2023-02-21T16:19:20.199-0500,"A POTW with a design flow rate equal to or greater than one million gallons per day; A POTW that serves 10,000 people or more",1307.77,0,,Other Management Practice,,,,3292.95,Class B,other_system,"[7216, 3585, 1711, 4911, 4911, 3674, 9199, 9199, 241, 241, 3069, 3069, 3069, 2834, 4222, 4222, 5541, 5541, 5511, 3469, 3469, 3496, 3469, 3469, 4911, 4911, 5541, 3429, 5651, 5331, 8731, 7532, 8731, 2834, 2834, 2834, 7538, 5571, 5541, 5399, 7532, 5541, 5541, 3691, 3679, 5231, 5331, 8062, 5331, 5331, 7992, 5541, 5651, 7538, 8731, 3479, 5722, 5541, 5651, 7538, 5651, 4213, 4213, 5331, 7538, 5912, 172, 5331, 4231, 5541, 5331, 7359, 5331, 5331, 7538, 4231, 4231, 4231, 7538, 4141, 4141, 7218, 1442, 1442, 3398, 3398, 3441, 3441, 5093, 5093, 3273, 3273, 5015, 5015, 3732, 3732, 3273, 3273, 3679, 3679, 2434, 2434, 2434, 2434, 2752, 2752, 3479, 3479, 2024, 2024, 3599, 3599, 3599, 3599, 8731]"
891,3667,CITY OF JEFFERSON CITY,MOL094846,JEFFERSON CITY,MO,7,2022,2023-02-16T14:49:15.056-0500,"A POTW with a design flow rate equal to or greater than one million gallons per day; A POTW that serves 10,000 people or more",1225,0,,Land Application,1225,,,,Class B,other_system,"[9511, 1629, 1629, 1629]"
408,2227,WESTMINSTER CITY OF,COL024171,WESTMINSTER,CO,8,2022,2023-02-07T16:11:15.062-0500,"A POTW with a design flow rate equal to or greater than one million gallons per day; A POTW that serves 10,000 people or more",1188.4,0,,"Land Application, Other Management Practice",646.7,,,541.7,Class B,other_system,"[4941, 4941]"
596,2771,INDIAN RIVER COUNTY UTILITIES DEPARTMENT (IRCUD),FLL037940,VERO BEACH,FL,4,2022,2023-01-31T11:18:10.697-0500,"A POTW with a design flow rate equal to or greater than one million gallons per day; A POTW that serves 10,000 people or more",1121.64,0,,Other Management Practice,,,,1121.64,Not Applicable,other_system,"[4941, 4941]"
619,2855,LOVELAND CITY OF,COL026701,LOVELAND,CO,8,2022,2023-02-01T13:28:08.977-0500,A POTW with a design flow rate equal to or greater than one million gallons per day,1031.71,0,,Land Application,1031.71,,,,Class B,other_system,[1542]
423,2258,WEST LAFAYETTE WWTP,INL024821,WEST LAFAYETTE,IN,5,2022,2023-01-20T09:27:33.333-0500,A POTW with a design flow rate equal to or greater than one million gallons per day,995.11,0,,"Land Application, Other Management Practice",979.79,,,15.32,Class B,other_system,[9511]
742,3254,METROPOLITAN SAINT LOUIS SEWER DISTRICT,MOL086126,ST. LOUIS,MO,7,2022,2023-02-16T12:10:55.308-0500,"A Class I Sludge Management Facility as defined in 40 CFR 503.9; A POTW with a design flow rate equal to or greater than one million gallons per day; A POTW that serves 10,000 people or more",872.194,0,,Other Management Practice,,,,872.19,"Not Applicable, Class B",other_system,"[1629, 1629, 1629]"
404,2219,POUGHKEEPSIE (T),NYL026271,POUGHKEEPSIE,NY,2,2022,2023-01-19T13:14:31.326-0500,"A POTW with a design flow rate equal to or greater than one million gallons per day; A POTW that serves 10,000 people or more",703,0,,Land Application,703,,,,Class A,other_system,"[4941, 4941]"
165,1153,MISSOURI CITY REGIONAL SURFACE WWTP,TX0133159,MISSOURI CITY,TX,6,2022,2022-09-28T10:59:49.604-0500,Other,688.611541,0,,Other Management Practice,,,,688.611541,Class B,other_system,[4941]
335,1991,ONEIDA (C),NYL026956,ONEIDA,NY,2,2022,2023-01-12T08:49:58.688-0500,A POTW with a design flow rate equal to or greater than one million gallons per day,669.96,0,,Other Management Practice,,,,669.96,Class B,other_system,"[4941, 4941]"
305,1906,"FRANKFORT WWTP, CITY OF",INL022934,FRANKFORT,IN,5,2022,2023-01-10T15:14:59.030-0500,A POTW with a design flow rate equal to or greater than one million gallons per day,640,0,,Land Application,640,,,,Class B,other_system,"[9131, 9199, 9111]"
896,3677,HONOLULU KAILUA WWTP,HIL021296,KAPOLEI,HI,9,2022,2023-02-17T21:22:06.411-0500,"A POTW with a design flow rate equal to or greater than one million gallons per day; A POTW that serves 10,000 people or more",594.7,0,,Other Management Practice,,,,594.7,Not Applicable,other_system,"[9999, 9999]"
290,1853,GREENFIELD WPC,MAL101214,GREENFIELD,MA,1,2022,2023-01-05T13:36:44.917-0500,"A POTW with a design flow rate equal to or greater than one million gallons per day; A POTW that serves 10,000 people or more",497,0,,Other Management Practice,,,,497,Not Applicable,other_system,[9199]
677,3071,"PEMBROKE PINES, CITY OF WWTP",FLL013575,PEMBROKE PINES,FL,4,2022,2023-02-06T15:14:49.925-0500,A POTW with a design flow rate equal to or greater than one million gallons per day,489,0,,"Land Application, Other Management Practice",73,,,416,"Class B, Not Applicable",other_system,"[9511, 9511]"
407,2225,ELKO WRF,NVL000055,ELKO,NV,9,2022,2023-01-19T14:03:01.364-0500,A POTW with a design flow rate equal to or greater than one million gallons per day,481.44,0,,Other Management Practice,,,,481.44,Class B,other_system,"[9999, 1629, 9999]"
226,1608,WINDERMERE WWTP,TX0074853,SUGAR LAND,TX,6,2022,2022-09-30T18:20:04.379-0500,A POTW with a design flow rate equal to or greater than one million gallons per day,473.11,0,,Other Management Practice,,,,473.11,Not Applicable,other_system,[6552]
460,2377,COMMANDING OFFICER MARINE CORPS BASE CAMP LEJEUNE,NCL063029,CAMP LEJEUNE,NC,4,2022,2023-02-13T13:39:18.512-0500,"A POTW with a design flow rate equal to or greater than one million gallons per day; A POTW that serves 10,000 people or more",465.46,0,,Land Application,465.46,,,,Class A EQ,other_system,[9711]
747,3277,NORTHGLENN CITY OF,COL036757,NORTHGLENN,CO,8,2022,2023-02-14T15:58:00.243-0500,"A Class I Sludge Management Facility as defined in 40 CFR 503.9; A POTW with a design flow rate equal to or greater than one million gallons per day; A POTW that serves 10,000 people or more",458.53,0,,Land Application,458.53,,,,Class B,other_system,[1542]
346,2036,CITY OF WASHINGTON,MOL025810,WASHINGTON,MO,7,2022,2023-01-19T09:17:41.012-0500,"A POTW with a design flow rate equal to or greater than one million gallons per day; A POTW that serves 10,000 people or more",427.4,0,,Land Application,427.4,,,,Class B,other_system,"[9511, 9511, 9511]"
376,2120,NEW WINDSOR (T),NYL022446,NEW WINDSOR,NY,2,2022,2023-01-18T08:23:22.639-0500,"A POTW that serves 10,000 people or more",412.3,0,,Other Management Practice,,,,412.3,Not Applicable,other_system,[4941]
805,3455,BRIGHTON CITY OF,COL021547,BRIGHTON,CO,8,2022,2023-02-14T11:11:52.717-0500,"A POTW with a design flow rate equal to or greater than one million gallons per day; A POTW that serves 10,000 people or more",402.83,0,,Land Application,10.76,,,,Class B,other_system,[4619]
468,2399,"RIVERTON, CITY OF",WYL020672,RIVERTON,WY,8,2022,2023-02-15T11:06:20.482-0500,"A POTW with a design flow rate equal to or greater than one million gallons per day; A POTW that serves 10,000 people or more",376,0,,Land Application,339,,,,Class A,other_system,[7349]
383,2146,MONTGOMERY TWP MUNI SEW AUTH MONTGOMERY CNTY,PAL053180,MONTGOMERYVILLE,PA,3,2022,2023-01-18T11:58:36.927-0500,A POTW with a design flow rate equal to or greater than one million gallons per day,374.522,0,,Other Management Practice,,,,374.522,Not Applicable,other_system,"[9199, 9199]"
136,978,ROY C. HESTER WWTP,TX0064963,BIG SPRING,TX,6,2022,2022-09-27T09:44:52.671-0500,Other,310,0,,Other Management Practice,,,,307.93,Not Applicable,other_system,[4941]
893,3673,HONOLULU WAIANAE WWTP,HIL020109,KAPOLEI,HI,9,2022,2023-02-17T21:17:20.823-0500,"A POTW with a design flow rate equal to or greater than one million gallons per day; A POTW that serves 10,000 people or more",309.3,0,,Other Management Practice,,,,309.3,Not Applicable,other_system,"[9999, 9999]"
326,1968,CLINTON TOWN,NJL148237,CLINTON,NJ,2,2022,2023-01-11T13:36:36.009-0500,A POTW with a design flow rate equal to or greater than one million gallons per day,306.82,0,,Other Management Practice,,,,306.82,Not Applicable,other_system,[9111]
429,2276,"SANTA FE, CITY OF (AIRPORT RD",NML022292,SANTA FE,NM,6,2022,2023-02-20T16:15:46.746-0500,"A Class I Sludge Management Facility as defined in 40 CFR 503.9; A POTW with a design flow rate equal to or greater than one million gallons per day; A POTW that serves 10,000 people or more",300,0,,"Other Management Practice, Land Application, Surface Disposal",15162,44506,,1211,Class A,other_system,[1542]
1019,3966,CITY OF MONETT,MOL021440,MONETT,MO,7,2022,2023-02-27T11:53:52.353-0500,A POTW with a design flow rate equal to or greater than one million gallons per day,287,0,,Land Application,574,,,,Class B,other_system,"[1629, 1629, 1629, 1629]"
252,1763,RCSD KIMMSWICK WWTP,MOL106461,KIMMSWICK,MO,7,2022,2022-12-01T16:14:22.344-0500,"A Class I Sludge Management Facility as defined in 40 CFR 503.9; A POTW with a design flow rate equal to or greater than one million gallons per day; A POTW that serves 10,000 people or more",270,0,,Land Application,269,,,,Class B,other_system,"[1629, 1629, 1629, 1629, 1629]"
198,1413,TDJC COFFIELD UNIT,TX0031577,HUNTSVILLE,TX,6,2022,2022-09-29T13:30:02.028-0500,Other,263.59,0,,Other Management Practice,,,,263.59,Class B,other_system,"[213, 9223, 213, 9223]"
635,2903,SUFFERN (V),NYL022748,SUFFERN,NY,2,2022,2023-02-03T12:53:53.019-0500,"A POTW with a design flow rate equal to or greater than one million gallons per day; A POTW that serves 10,000 people or more",247,0,,Land Application,247,,,,Class A EQ,other_system,"[5541, 4941]"
661,3010,"CHESTERTON WWTP, TOWN OF",INL022578,PORTER,IN,5,2022,2023-02-09T16:31:43.302-0500,"A Class I Sludge Management Facility as defined in 40 CFR 503.9; A POTW with a design flow rate equal to or greater than one million gallons per day; A POTW that serves 10,000 people or more",230.8,0,,"Land Application, Other Management Practice",279.3,,,23.86,Class B,other_system,[4941]
1095,4133,MERIDIAN METROPOLITAN DISTRICT,COL039110,ENGLEWOOD,CO,8,2022,2023-03-23T10:29:23.333-0500,"A POTW that serves 10,000 people or more",207.72,0,,Land Application,207.72,,,,Class B,other_system,[1629]
579,2707,"BOONVILLE, CITY OF",MOL040738,BOONVILLE,MO,7,2022,2023-01-30T14:04:54.073-0500,A POTW with a design flow rate equal to or greater than one million gallons per day,207.11,0,,Other Management Practice,,,,207.11,Not Applicable,other_system,[4941]
225,1597,UPPER LEON RIVER MWD WWTP,TX0122203,COMANCHE,TX,6,2022,2022-09-30T15:17:49.271-0500,Other,206.145,0,,Other Management Practice,,,,206.145,Not Applicable,other_system,[4941]
348,2040,PORTLAND WWTP,INL020095,PORTLAND,IN,5,2022,2023-01-13T10:39:11.347-0500,A POTW with a design flow rate equal to or greater than one million gallons per day,194.091,0,,Other Management Practice,,,,194.091,Class B,other_system,[4941]
1104,4156,"BOLIVAR, CITY OF",MOL022373,BOLIVAR,MO,7,2022,2023-05-22T16:11:11.867-0500,"A POTW with a design flow rate equal to or greater than one million gallons per day; A POTW that serves 10,000 people or more",190.4,0,,"Land Application, Other Management Practice",30.4,,,160,Class B,other_system,"[9511, 9511, 1629, 1629, 1629]"
340,2027,CITY OF PERRYVILLE,MOL051144,PERRYVILLE,MO,7,2022,2023-01-12T16:42:34.014-0500,A POTW with a design flow rate equal to or greater than one million gallons per day,179.5,0,,Land Application,179.5,,,,Class B,other_system,"[1611, 1629, 1629, 1611, 1629, 1629, 1629]"
414,2243,UC DAVIS MAIN WWTP,CAL077895,DAVIS,CA,9,2022,2023-02-13T10:55:19.358-0500,"A POTW with a design flow rate equal to or greater than one million gallons per day; A POTW that serves 10,000 people or more",173.19,0,,Other Management Practice,,,,179.13,Not Applicable,other_system,"[8221, 8221, 8221, 8733, 8299, 4941, 8221, 8221, 8221, 8221, 8221]"
650,2980,CAMROSA WRF,CAL059501,CAMARILLO,CA,9,2022,2023-02-07T17:16:47.422-0500,A POTW with a design flow rate equal to or greater than one million gallons per day,172.76,0,,Other Management Practice,,,,172.76,Class B,other_system,"[4941, 4941, 4941]"
560,2654,UNIVERSITY OF CONNECTICUT,CTL101320,STORRS,CT,1,2022,2023-02-09T13:13:02.982-0500,"A POTW that serves 10,000 people or more",157,0,,Other Management Practice,,,,157,Not Applicable,other_system,"[8221, 8221, 8221]"
922,3744,LAGUNA CSD WRF,CAL000404,SANTA MARIA,CA,9,2022,2023-02-17T14:32:59.501-0500,"A POTW with a design flow rate equal to or greater than one million gallons per day; A POTW that serves 10,000 people or more",152,0,,Other Management Practice,,,,152,Class A,other_system,"[2051, 5149, 2051, 2051, 3542, 3449, 3449, 3449, 7216, 7532, 5541, 5541, 5541, 4813, 2084, 2084, 5148, 5148, 5511, 5511, 7538, 7538, 5651, 3679, 5511, 5651, 3599, 4141, 4141, 4142, 8731, 2834, 2834, 2834, 5541, 7534, 5541, 5149, 5912, 5651, 241, 5149, 5149, 5541, 5331, 7538, 8062, 7538, 5331, 2511, 5013, 5072, 2891, 5651, 3679, 7538, 7532, 3823, 5651, 5541, 7532, 5149, 5411, 7538, 7538, 7538, 3599, 5651, 7699, 5531, 5541, 5541, 3599, 7534, 5531, 5912, 8011, 5912, 5541, 7534, 5541, 8021, 7538, 5411, 173, 7539, 5999, 8011, 172, 5912, 7549, 3089, 3089, 3679, 3993, 3548, 3548, 3548, 5015, 5015, 2844, 2844, 5093, 5093, 5051, 5015, 5015, 5015, 5015, 5015, 5015, 5093, 5093, 3273, 3273, 3273, 3273, 5093, 5093, 5093, 5093, 2752, 2752, 2022, 5331, 5331, 4215, 4215, 8221]"
667,3037,TOWN OF WALLACE,NCL003450,WALLACE,NC,4,2022,2023-02-06T11:13:57.821-0500,A POTW with a design flow rate equal to or greater than one million gallons per day,147.88,0,,Land Application,147.88,,,,Class B,other_system,"[2262, 2262, 2262, 2262]"
783,3386,US MCAS CHERRY POINT,NCL003816,CHERRY POINT,NC,4,2022,2023-02-14T08:51:48.441-0500,"A POTW that serves 10,000 people or more",141.8,0,,Land Application,142.6,,,,Class B,other_system,"[9999, 9999, 9711, 7699, 9999, 7699, 9711, 9711, 9711, 9711, 9711, 9711, 9711, 9711]"
123,897,CITY OF RICHMOND SWTP,TX0137600,RICHMOND,TX,6,2022,2022-09-27T14:10:57.840-0500,Other,139.323,0,,Land Application,139,,,,Class B,other_system,"[4941, 4941]"
220,1552,OLD EGYPT WWTF,TX0120073,AUSTIN,TX,6,2022,2022-09-30T12:24:54.320-0500,Other,134.72,0,,Other Management Practice,,,,134.7,Not Applicable,other_system,[6515]
886,3658,TEHACHAPI WWTP,CAL000464,TEHACHAPI,CA,9,2022,2023-03-05T12:42:21.653-0500,"A POTW with a design flow rate equal to or greater than one million gallons per day; A POTW that serves 10,000 people or more",131.54,0,,Other Management Practice,,,,131.54,Class A,other_system,"[3732, 3732, 3732, 3732, 3732, 3083, 7538, 7539, 5171, 5171, 5171, 5171, 5541, 5171, 5171, 3999, 3999, 2759, 2759, 2759, 5171, 7537, 7537, 5541, 8731, 8731, 5541, 5541, 8731, 2834, 2834, 2834, 5211, 7538, 7532, 5311, 5331, 7219, 5541, 5211, 5211, 7216, 1629, 241, 5311, 5211, 7538, 5541, 5211, 5211, 5211, 7538, 5211, 5211, 5211, 5541, 5211, 5541, 7538, 3599, 8661, 9211, 7538, 5211, 5211, 5211, 2821, 2821, 2992, 2992, 3089, 3089, 1499, 1499, 5511, 9999, 9999, 5511, 5511, 9211]"
143,1009,JOHNSON RANCH WWTF,TX0133825,BOERNE,TX,6,2022,2022-09-27T11:12:55.359-0500,Other,124.85,0,,Other Management Practice,,,,124.85,Not Applicable,other_system,[6531]
46,301,EASTLAND COUNTY WSD WTP,TX0113883,RANGER,TX,6,2022,2022-09-09T12:33:19.569-0500,Other,114.84,0,,Other Management Practice,,,,114.84,Not Applicable,other_system,[4941]
357,2060,CITY OF CALIFORNIA,MOL023272,CALIFORNIA,MO,7,2022,2023-01-13T15:29:32.189-0500,A POTW with a design flow rate equal to or greater than one million gallons per day,100.37,0,,Land Application,100.37,,,,Class B,other_system,"[1794, 1794, 1794]"
728,3211,CITY OF GASTONIA,NCL006033,GASTONIA,NC,4,2022,2023-02-14T13:33:09.570-0500,A POTW with a design flow rate equal to or greater than one million gallons per day,85.67,0,,Land Application,85.67,,,,Class B,other_system,"[2262, 2262, 2262, 2262]"
191,1346,TDCJ ESTELLE UNIT ,TX0092789,HUNTSVILLE,TX,6,2022,2022-09-29T11:17:27.634-0500,Other,81.66,0,,Other Management Practice,,,,163.32,Class B,other_system,"[9223, 9223]"
18,161,PARADISE ISD WWTP,TX0103446,PARADISE,TX,6,2022,2022-09-08T08:17:23.593-0500,A Class I Sludge Management Facility as defined in 40 CFR 503.9,80,0,,Other Management Practice,,,,80,Not Applicable,other_system,"[8211, 8211]"
410,2232,HERITAGE VILLAGE COMPANY,CTL101133,SOUTHBURY,CT,1,2022,2023-01-19T15:14:54.509-0500,Other,77.42,0,,Other Management Practice,,,,77.42,Not Applicable,other_system,[6514]
722,3189,ATK LAUNCH SYSTEMS INC,UTL024805,BRIGHAM CITY,UT,8,2022,2023-02-08T13:36:33.616-0500,Other,68.22,0,,Other Management Practice,,,,68.22,Not Applicable,other_system,"[7549, 3714, 3769, 3714, 3761, 3769, 3764, 7549, 3761, 2899, 2899, 3761, 3764, 3714, 2819, 3761]"
216,1526,HARRIS COUNTY MUD 24 WWTP ,TX0113123,BELLAIRE,TX,6,2022,2022-09-30T10:20:00.338-0500,Other,64.22,0,,Other Management Practice,,,,64.22,Class B,other_system,"[4941, 4941]"
1096,4135,BLUE SKY RANCH AND RESORT,UTL025763,WANSHIP,UT,8,2022,2023-04-01T12:56:08.283-0500,A Class I Sludge Management Facility as defined in 40 CFR 503.9,54.72,0,,Land Application,54.72,,,,Class B,other_system,"[7011, 7011]"
489,2460,SCOTT AIR FORCE BASE,ILL026859,SCOTT AIR FORCE BASE,IL,5,2022,2023-02-15T10:42:23.418-0500,"A POTW with a design flow rate equal to or greater than one million gallons per day; A POTW that serves 10,000 people or more",54.19,0,,Land Application,18.27,,,,Class B,other_system,"[9711, 9711, 9711]"
54,410,GROESBECK WTP,TX0117587,GROESBECK,TX,6,2022,2022-09-20T08:52:44.063-0500,Other,52.15,0,,Other Management Practice,,,,52.15,Not Applicable,other_system,[4941]
493,2471,CITY OF OZARK,MOL133671,OZARK,MO,7,2022,2023-01-24T15:01:04.843-0500,A POTW with a design flow rate equal to or greater than one million gallons per day,50.86,0,,Land Application,48.8,,,,Class B,other_system,"[9511, 1629, 1629, 9511]"
11,94,MEADOWS WWTP,TX0021270,HOUSTON,TX,6,2022,2022-09-30T21:07:08.883-0500,Other,48.77,0,,Land Application,48.77,,,,Class B,other_system,"[4941, 4941]"
323,1964,"HERINGTON, CITY OF",KSL022811,HERINGTON,KS,7,2022,2023-01-11T11:02:58.760-0500,A Class I Sludge Management Facility as defined in 40 CFR 503.9,47,0,,Land Application,47,,,,Class B,other_system,[4581]
230,1630,WOODTRACE INTERIM WWTP,TX0109622,HOUSTON,TX,6,2022,2022-09-30T23:54:29.867-0500,A POTW with a design flow rate equal to or greater than one million gallons per day,45.0426659,0,,Land Application,45.04266596,,,,Class B,other_system,"[6552, 6552]"
496,2479,ROCKDALE COUNTY (BIG HAYNES CREEK WTP),GAL640083,CONYERS,GA,4,2022,2023-01-25T11:22:07.756-0500,Other,31.708,0,,Other Management Practice,,,,31.708,Not Applicable,other_system,[4941]
570,2677,OLDE ATLANTA CLUB WPCP,GAL030980,SUWANEE,GA,4,2022,2023-01-30T11:12:06.967-0500,A Class I Sludge Management Facility as defined in 40 CFR 503.9,31.48,0,,Other Management Practice,,,,31.48,Class B,other_system,[7997]
127,927,TIMBERCREST VILLAGE WWTP,TX0119628,VANCOUVE,BC,6,2022,2022-09-26T15:43:31.594-0500,A Class I Sludge Management Facility as defined in 40 CFR 503.9,30.99,0,,Other Management Practice,,,,30.99,Class B,other_system,[6515]
731,3219,FORT LUPTON  CITY OF,COL021440,FORT LUPTON,CO,8,2022,2023-02-08T17:11:23.108-0500,A POTW with a design flow rate equal to or greater than one million gallons per day,30.4,0,,Other Management Practice,,,,166.32,Not Applicable,other_system,[1799]
107,808,GE HYDRIL WWTP,TX0071251,HOUSTON,TX,6,2022,2022-09-23T10:25:07.682-0500,Other,30.26,0,,Other Management Practice,,,,30.26,Not Applicable,other_system,[3533]
101,750,PORT ISABEL DETENTION CTR WWTF,TX0056821,LOS FRESNOS,TX,6,2022,2022-09-22T13:39:02.698-0500,A Class I Sludge Management Facility as defined in 40 CFR 503.9,30,0,,Other Management Practice,,,,30,Class B,other_system,"[9223, 9223]"
122,894,BLOOMINGTON ISD,TX0127353,BLOOMINGTON,TX,6,2022,2022-09-26T12:18:35.144-0500,A Class I Sludge Management Facility as defined in 40 CFR 503.9,28.66,0,,Other Management Practice,,,,28.66,Not Applicable,other_system,"[8211, 8211]"
187,1331,TDCJ ELLIS UNIT WWTP,TX0031607,HUNTSVILLE,TX,6,2022,2022-09-29T10:59:48.410-0500,Other,27.57,0,,Other Management Practice,,,,27.57,Class B,other_system,"[213, 213, 9223, 9223, 213, 252, 9223]"
449,2331,KJC KENTUCKY STATE REFORMATORY,KYL040126,LA GRANGE,KY,4,2022,2023-01-24T12:07:59.980-0500,"A POTW with a design flow rate equal to or greater than one million gallons per day; A POTW that serves 10,000 people or more",27.39,0,,Other Management Practice,,,,27.39,Not Applicable,other_system,"[3449, 9223, 3444, 3469, 9223, 9223, 9223, 9223, 9223, 9223, 9223]"
177,1251,HIDDEN COVE PARK WWTP,TX0093696,SOUTHLAKE,TX,6,2022,2022-09-28T17:09:55.157-0500,Other,26.9,0,,Other Management Practice,,,,26.9,Not Applicable,other_system,[7033]
102,753,SUGAR PINES  MHC WWTF,TX0117277,PASADENA,CA,6,2022,2022-09-22T14:03:26.769-0500,A Class I Sludge Management Facility as defined in 40 CFR 503.9,26.07,0,,Other Management Practice,,,,26.07,Not Applicable,other_system,[6515]
199,1420,TDCJ POWLEDGE WWTP,TX0089044,HUNSTVILLE,TX,6,2022,2022-09-29T13:44:47.359-0500,Other,23.54,0,,Other Management Practice,,,,23.54,Class B,other_system,"[9223, 9223]"
800,3436,"CRANE DIV., NAVAL SURFACE WARFARE CTR",IN0021539,CRANE,IN,5,2022,2023-02-15T16:07:46.440-0500,A POTW with a design flow rate equal to or greater than one million gallons per day,22.06,0,,Land Application,22.06,,,,Class B,other_system,"[9711, 9711]"
945,3800,OAKELY CITY,UTL020061,OAKLEY,UT,8,2022,2023-02-18T11:41:41.094-0500,Other,21.64,0,,Other Management Practice,,,,21.64,Not Applicable,other_system,"[2899, 2899]"
448,2330,DIXON CORRECTIONAL CENTER STP,ILL024724,DIXON,IL,5,2022,2023-01-23T12:00:17.577-0500,A POTW with a design flow rate equal to or greater than one million gallons per day,21.5,0,,Land Application,21.7,,,,Class B,other_system,"[9223, 9223, 9223]"
194,1365,TDCJ JESTER 3 UNIT WWTP,TX0089036,HUNTSVILLE,TX,6,2022,2022-09-29T11:41:07.970-0500,Other,20.49,0,,Other Management Practice,,,,20.49,Class B,other_system,"[9223, 9223]"
110,825,SKY RANCHES WETLANDS WWTP,TX0124681,VAN,TX,6,2022,2022-09-26T13:04:47.515-0500,Other,20.2,0,,Other Management Practice,,,,19.8,Not Applicable,other_system,[7032]
16,146,WESTERN PINES MHP WWTF,TX0082830,SUGAR LAND,TX,6,2022,2022-09-13T15:24:08.745-0500,Other,17.9,0,,Other Management Practice,,,,17.9,Not Applicable,other_system,"[6515, 6515]"
124,918,INLINE UTILITIES WWTP,TX0117633,SPRING,TX,6,2022,2022-09-26T15:24:30.606-0500,A Class I Sludge Management Facility as defined in 40 CFR 503.9,16.63,0,,Other Management Practice,,,,16.63,Class B,other_system,[6515]
185,1308,ROSEMEADOWS III - WWTP,TX0122459,AUSTIN,TX,6,2022,2022-09-29T15:14:03.522-0500,Other,16.63,0,,Other Management Practice,,,,16.63,Not Applicable,other_system,[6515]
195,1388,TDCJ LUTHER  UNIT WWTP,TX0089028,HUNTSVILLE,TX,6,2022,2022-09-29T12:21:31.988-0500,Other,16.1,0,,Other Management Practice,,,,16.1,Class B,other_system,"[9223, 9223]"
39,239,STONETOWN BENBROOK WWTP,TX0093092,GLENDALE,CO,6,2022,2022-09-06T15:22:45.050-0500,A Class I Sludge Management Facility as defined in 40 CFR 503.9,15.06,0,,Other Management Practice,,,,15.06,Class B,other_system,[6515]
620,2856,US DOE/SAVANNAH RIVER SITE,SCL000175,AIKEN COUNTY,SC,4,2022,2023-02-14T13:59:53.664-0500,A Class I Sludge Management Facility as defined in 40 CFR 503.9,14.8,0,,Other Management Practice,,,,86.25,Not Applicable,other_system,"[2819, 2819, 9611, 2819, 2819, 2819, 2819]"
32,219,METHODIST HOME BOY'S RANCH,TX0126217,WACO,TX,6,2022,2022-09-02T12:06:31.801-0500,Other,14.4,0,,Other Management Practice,,,,14.4,Not Applicable,other_system,[8361]
64,492,SHADY OAKS WWTP,TX0132039,RICHMOND,VA,6,2022,2022-09-28T11:50:33.804-0500,A Class I Sludge Management Facility as defined in 40 CFR 503.9,14,0,,Surface Disposal,,14,,,Class A,other_system,[6515]
193,1363,LEE COUNTY WWTP,TX0132659,COUPLAND,TX,6,2022,2022-09-30T09:59:46.528-0500,Other,13.577,0,,Other Management Practice,,,,13.577,Not Applicable,other_system,[4941]
106,798,ATASCOCITA VILLAGE MHP WWTP,TX0020320,HUMBLE,TX,6,2022,2022-09-23T09:21:18.094-0500,A Class I Sludge Management Facility as defined in 40 CFR 503.9,12.85,0,,Other Management Practice,,,,12.85,Class B,other_system,[6515]
189,1337,MORTON ROAD WWTF,TX0119121,HOUSTON,TX,6,2022,2022-09-30T13:10:56.735-0500,Other,12.84,0,,Other Management Practice,,,,12.85,Class B,other_system,[6515]
44,279,PETRO STOPPING CENTER 340,TX0129348,WESTLAKE,OH,6,2022,2022-10-07T08:29:17.535-0500,Other,12.76,0,,Other Management Practice,,,,43,Not Applicable,other_system,[5541]
210,1491,WESTMONT MHP WWTP,TX0093505,HOUSTON,TX,6,2022,2022-09-29T21:41:37.583-0500,Other,12.502,0,,Land Application,12.502,,,,Class B,other_system,[6515]
48,344,ROCKY POINT ESTATES MHP WWTP,TX0123552,GLENDALE,CO,6,2022,2022-09-09T11:44:02.927-0500,A Class I Sludge Management Facility as defined in 40 CFR 503.9,11.86,0,,Other Management Practice,,,,11.86,Class A,other_system,[6515]
129,936,NORTHWEST PINES WWTP,TX0083429,DENVER,CO,6,2022,2022-09-26T16:12:09.903-0500,A Class I Sludge Management Facility as defined in 40 CFR 503.9,11.31,0,,Other Management Practice,,,,11.31,Class B,other_system,"[6515, 6515]"
147,1038,LOMETA REGIONAL WWTP,TX0124389,AUSTIN,TX,6,2022,2022-09-27T13:10:12.941-0500,Other,9.15,0,,Other Management Practice,,,,9.15,Not Applicable,other_system,[4941]
178,1271,CITY OF HENRIETTA WTP,TX0127817,HENRIETTA,TX,6,2022,2022-09-29T15:51:22.669-0500,Other,8.41,0,,Other Management Practice,,,,8.41,Not Applicable,other_system,[4941]
208,1487,ROSEWOOD MHP WWTP,TX0094986,HUMBLE,TX,6,2022,2022-09-30T11:29:40.744-0500,Other,8.35,0,,Other Management Practice,,,,8.35,Class B,other_system,[6515]
166,1179,TEXAS A&M UNIVERSITY AT GALVESTON ,TX0063231,GALVESTON,TX,6,2022,2022-09-29T16:15:30.109-0500,A Class I Sludge Management Facility as defined in 40 CFR 503.9,8.31,0,,Other Management Practice,,,,8.31,Class B,other_system,"[8221, 8221, 8221, 273, 273]"
196,1394,REDWOOD WWTP,TX0096679,AUSTIN,TX,6,2022,2022-09-29T12:28:54.194-0500,Other,7.56,0,,Other Management Practice,,,,7.56,Not Applicable,other_system,[6515]
197,1397,TERRELL UNIT WWTP,TX0115169,HUNTSVILLE,TX,6,2022,2022-09-29T12:47:38.588-0500,Other,7.25,0,,Other Management Practice,,,,7.25,Class B,other_system,"[9223, 9223]"
120,890,STAFFORD MHP WWTP,TX0117358,HOUSTON,TX,6,2022,2022-09-26T11:14:02.689-0500,A Class I Sludge Management Facility as defined in 40 CFR 503.9,6.8,0,,Other Management Practice,,,,6.8,Not Applicable,other_system,[6515]
171,1219,CEDAR CREEK FOREST MHP,TX0122963,HOUSTON,TX,6,2022,2022-09-28T14:48:42.402-0500,A Class I Sludge Management Facility as defined in 40 CFR 503.9,6.24,0,,Other Management Practice,,,,6.24,Class B,other_system,[6515]
119,887,KINGMONT MHP WWTP,TX0124257,HOUSTON,TX,6,2022,2022-09-26T11:26:27.911-0500,A Class I Sludge Management Facility as defined in 40 CFR 503.9,6.05,0,,Other Management Practice,,,,6.05,Not Applicable,other_system,[6515]
153,1093,DEER TRAIL WWTP,TX0099171,SPRING,TX,6,2022,2022-09-30T11:19:12.479-0500,Other,6.05,0,,Other Management Practice,,,,6.05,Class B,other_system,[6515]
100,744,CEDRIC SMITH ELEMENTARY SCHOOL WWTP,TX0119598,MAGNOLIA,TX,6,2022,2022-10-03T14:03:39.394-0500,Other,5.29,0,,Other Management Practice,,,,5.29,Class B,other_system,"[8211, 8211]"
84,581,COASTAL BEND DETENTION FACILITY WWTF,TX0129607,SAN ANTONIO,TX,6,2022,2022-09-19T15:25:19.943-0500,Other,5.24,0,,Other Management Practice,,,,5.24,Class B,other_system,"[1522, 8744, 8744]"
145,1017,ROLLING RIDGE WWTF,TX0077526,COLLEGE STATION,TX,6,2022,2022-09-29T13:38:27.568-0500,Other,4.939,0,,Land Application,4.939,,,,Class B,other_system,[6515]
190,1345,POLK COUNTY SAFETY REST AREA WWTF,TX0125091,AUSTIN,TX,6,2022,2022-09-29T11:12:27.082-0500,"A POTW that serves 10,000 people or more",4.57,0,,Other Management Practice,,,,4.57,Class B,other_system,"[7033, 7033]"
128,934,WESTFIELD MHP WWTP,TX0090492,SAN JOSE,CA,6,2022,2022-09-26T16:04:39.192-0500,A Class I Sludge Management Facility as defined in 40 CFR 503.9,4.54,0,,Other Management Practice,,,,4.54,Class B,other_system,[6515]
132,948,NEEDVILLE ISD WWTP,TX0077470,NEEDVILLE,TX,6,2022,2022-09-30T17:26:26.110-0500,Other,4.54,0,,Other Management Practice,,,,4.54,Class B,other_system,"[8211, 8211]"
88,590,LAKEVIEW CAMP WWTP,TX0118877,WAXAHACHIE,TX,6,2022,2022-09-19T16:34:51.979-0500,Other,4.3,0,,Other Management Practice,,,,4.258,Not Applicable,other_system,[7033]
17,149,COWTOWN RV PARK WWTF,TX0117919,ALEDO,TX,6,2022,2022-09-20T13:55:20.537-0500,Other,3.82,0,,Other Management Practice,,,,3.82,Class A,other_system,[7033]
148,1046,FANNETT CAMPUS WWTP,TX0079138,HAMSHIRE,TX,6,2022,2022-09-27T14:21:19.882-0500,Other,3.78,0,,Other Management Practice,,,,3.78,Not Applicable,other_system,"[8211, 8211]"
158,1117,YMCA CAMP CULLEN WWTP,TX0059579,HOUSTON,TX,6,2022,2022-09-28T09:14:14.838-0500,Other,3.78,0,,Other Management Practice,,,,3.78,Not Applicable,other_system,[7032]
229,1616,GALVESTON BAY RV PARK WWTF,TX0124761,DICKINSON,TX,6,2022,2022-10-06T02:23:22.601-0500,Other,3.71,0,,"Land Application, Other Management Practice",2.95,,,0.76,Class B,other_system,[7033]
211,1492,CARBY ROAD MHP WWTP,TX0123579,HOUSTON,TX,6,2022,2022-09-29T21:50:30.129-0500,Other,3.346,0,,Land Application,3.346,,,,Class B,other_system,[6515]
239,1704,GREEN ROAD MH WWTF,TX0033189,HOUSTON,TX,6,2022,2022-10-20T22:48:24.287-0500,Other,3.33,0,,Other Management Practice,,,,3.33,Class B,other_system,[6515]
173,1231,TDCJ CLEMENS UNIT  WWTP,TX0031569,HUNTSVILLE,TX,6,2022,2022-09-29T09:29:21.187-0500,Other,3.3,0,,Other Management Practice,,,,3.3,Class B,other_system,"[9223, 9223, 9223, 9223, 213]"
212,1496,RIVER OAKS MHP WWTP,TX0092711,HOUSTON,TX,6,2022,2022-09-29T22:24:12.982-0500,Other,3.066,0,,Land Application,3.066,,,,Class B,other_system,"[6515, 6515]"
12,127,SCURRY ROSSER ISD WWTP,TX0126128,SCURRY,TX,6,2022,2022-09-01T11:10:58.511-0500,Other,3.03,0,,Other Management Practice,,,,5.16,Not Applicable,other_system,"[8211, 8211]"
103,754,WILLOW MANOR MHP WWTP,TX0118001,COST MESA,CA,6,2022,2022-09-26T11:29:13.183-0500,A Class I Sludge Management Facility as defined in 40 CFR 503.9,3.02,0,,Other Management Practice,,,,3.02,Not Applicable,other_system,"[6515, 6515, 6515]"
126,923,PINEDALE MHP WWTP,TX0094552,PINEHURTS,TX,6,2022,2022-09-26T15:35:55.276-0500,A Class I Sludge Management Facility as defined in 40 CFR 503.9,3.02,0,,Other Management Practice,,,,3.02,Class B,other_system,[6515]
167,1184,CYPRESS LAKES WWTP,TX0102024,CLEVELAND,TX,6,2022,2022-09-28T13:52:40.326-0500,Other,3.02,0,,Other Management Practice,,,,3.02,Class B,other_system,[6515]
150,1081,WEIMAN MHP WWTF,TX0085871,HUNTINGTON BEACH,CA,6,2022,2022-09-27T15:44:50.049-0500,Other,2.95262454,0,,Other Management Practice,,,,2.95262454,Not Applicable,other_system,[6515]
115,838,RIVERSIDE WWTF,TX0071145,COLLEGE STATION,TX,6,2022,2022-09-25T13:18:41.824-0500,Other,2.908,0,,Other Management Practice,,,,2.908,Class B,other_system,[6515]
213,1500,SUNDOWN MHP WWTF,TX0087785,HOUSTON,TX,6,2022,2022-09-29T22:37:44.836-0500,Other,2.531,0,,Land Application,2.53,,,,Class B,other_system,"[6515, 6515]"
151,1082,GE PACKAGED POWER JPORT,TX0101656,HOUSTON,TX,6,2022,2022-09-29T11:34:37.397-0500,Other,2.36,0,,Other Management Practice,,,,2.36,Not Applicable,other_system,"[3511, 3511, 7699, 3511, 7699, 3511, 7699]"
42,265,THE ESTATES WWTP,TX0135020,OAK BROOK,IL,6,2022,2022-09-06T16:56:33.876-0500,A Class I Sludge Management Facility as defined in 40 CFR 503.9,2.27,0,,Other Management Practice,,,,2.27,Class B,other_system,[6515]
95,689,SCRAP YARD SPORTS WWTP,TX0135356,CONROE,TX,6,2022,2022-09-21T10:36:33.197-0500,Other,2.27,0,,Other Management Practice,,,,2.27,Not Applicable,other_system,[7997]
104,770,US RV PARK WWTP,TX0132225,HOUSTON,TX,6,2022,2022-09-26T11:32:52.038-0500,A Class I Sludge Management Facility as defined in 40 CFR 503.9,2.27,0,,Other Management Practice,,,,2.27,Not Applicable,other_system,[7033]
118,881,BEACON ESTATES WWTP,TX0132454,BROOKSHIRE,TX,6,2022,2022-09-27T05:56:56.638-0500,Other,2.27,0,,Other Management Practice,,,,2.27,Class B,other_system,[6515]
125,920,HOOKS MOBILE HOME PARK WWTP,TX0078883,HOUSTON,TX,6,2022,2022-09-26T15:30:30.124-0500,A Class I Sludge Management Facility as defined in 40 CFR 503.9,2.27,0,,Other Management Practice,,,,2.27,Class B,other_system,[6515]
155,1102,MSEC WWTP 2,TX0136191,MONTGOMERY,TX,6,2022,2022-09-29T09:47:15.363-0500,A Class I Sludge Management Facility as defined in 40 CFR 503.9,2.27,0,,Other Management Practice,,,,2.27,Not Applicable,other_system,[8211]
168,1189,KATY ISD MAYDE CREEK WWTP,TX0079201,KATY,TX,6,2022,2022-09-28T13:52:16.629-0500,Other,2.27,0,,Other Management Practice,,,,2.27,Not Applicable,other_system,"[8211, 8211]"
182,1295,ASTRO WWTP,TX0094790,AUSTIN,TX,6,2022,2022-09-29T09:01:30.354-0500,Other,2.27,0,,Other Management Practice,,,,2.27,Not Applicable,other_system,[6515]
71,511,HENRY W. PIRKEY POWER PLANT,TX0087726,DALLAS,TX,6,2022,2022-09-16T10:20:26.745-0500,Other,2.25,0,,Other Management Practice,,,,2.25,Not Applicable,other_system,"[4911, 4911, 4911, 4911, 4911, 4911, 4911, 4911]"
93,650,DECATUR WTP,TX0136204,DECATUR,TX,6,2022,2022-09-21T13:28:18.651-0500,Other,2.2,0,,Other Management Practice,,,,2.21,Not Applicable,other_system,"[4941, 4941]"
209,1490,WOODGATE MOBILE HOME VILLAGE,TX0088102,GLENDALE,CO,6,2022,2022-09-29T21:30:09.018-0500,Other,2.12,0,,Land Application,2.12,,,,Class B,other_system,[6515]
79,550,LIVE OAK COUNTY SAFETY REST AREA NORTHBOND WWTF,TX0129305,AUSTIN,TX,6,2022,2022-09-19T10:28:31.068-0500,Other,2,0,,Other Management Practice,,,,2,Not Applicable,other_system,[7033]
80,554,LIVE OAK COUNTY SAFETY REST AREA WWTF,TX0129321,AUSTIN,TX,6,2022,2022-09-19T12:02:20.433-0500,Other,2,0,,Other Management Practice,,,,2,Not Applicable,other_system,"[7299, 7299]"
85,584,LILLIAN ELEMENTARY SCHOOL WWTF,TX0119229,ALVARADO,TX,6,2022,2022-09-19T15:59:41.858-0500,Other,2,0,,Other Management Practice,,,,2,Not Applicable,other_system,"[8211, 8211]"
164,1144,EAST CENTRAL HIGH SCHOOL WWTP,TX0074799,SAN ANTONIO,TX,6,2022,2022-09-28T10:58:43.192-0500,Other,1.9,0,,Other Management Practice,,,,1.9,Class B,other_system,"[8211, 8211, 8211, 8211]"
69,509,FOREST HILLS WWTP,TX0031283,JASPER,TX,6,2022,2022-09-16T08:51:51.681-0500,Other,1.8,0,,Other Management Practice,,,,1.8,Class B,other_system,"[4941, 4941]"
224,1593,WARREN ISD-HIGH SCHOOL WWTF,TX0076015,WARREN,TX,6,2022,2022-09-30T15:28:05.546-0500,Other,1.69,0,,Other Management Practice,,,,1.69,Class B,other_system,"[8211, 8211]"
87,588,KOPPERL ISD WWTP,TX0116661,KOPPERL,TX,6,2022,2022-09-19T16:20:12.414-0500,Other,1.6,0,,Other Management Practice,,,,1.6,Not Applicable,other_system,"[8211, 8211]"
19,173,CORNERSTONE MHP WWTP,TX0129381,TOMBALL,TX,6,2022,2022-09-13T15:35:56.747-0500,Other,1.51,0,,Other Management Practice,,,,1.51,Not Applicable,other_system,"[6515, 6515]"
55,420,DRIL-QUIP WWTP,TX0128287,HOUSTON,TX,6,2022,2022-09-13T15:34:39.485-0500,Other,1.51,0,,Other Management Practice,,,,1.51,Not Applicable,other_system,"[3533, 3533, 3533, 3533]"
117,879,SUNSET MHP 2 WWTP,TX0090735,HOUSTON,TX,6,2022,2022-09-26T11:23:12.433-0500,A Class I Sludge Management Facility as defined in 40 CFR 503.9,1.51,0,,Other Management Practice,,,,1.51,Not Applicable,other_system,[6515]
152,1087,ANGLE ACRES WWTP,TX0088366,CYPRESS,TX,6,2022,2022-09-28T14:52:42.528-0500,Other,1.51,0,,Other Management Practice,,,,1.51,Class B,other_system,[6515]
206,1484,CHAPMAN MHP WWTP,TX0099597,CROSBY,TX,6,2022,2022-09-30T11:43:43.005-0500,Other,1.48,0,,Other Management Practice,,,,1.48,Not Applicable,other_system,[6515]
112,835,STEPHEN F AUSTIN HISTORICAL PARK ,TX0032549,AUSTIN,TX,6,2022,2022-09-30T10:23:09.182-0500,Other,1.47631227,0,,Land Application,1.47631227,,,,Class B,other_system,"[7033, 7033]"
113,836,CAMP FOR ALL FOUNDATION WWTP,TX0114413,HOUSTON,TX,6,2022,2022-09-25T09:45:06.997-0500,Other,1.476,0,,Other Management Practice,,,,1.476,Class B,other_system,[7032]
200,1444,NORTHLAKE VILLAGE MHP WWTP,TX0120022,NORTHLAKE,TX,6,2022,2022-09-29T15:42:46.210-0500,Other,1.40263636,0,,Other Management Practice,,,,1.40263636,Not Applicable,other_system,[6515]
49,354,LAKE TAWAKONI STATE PARK WWTF,TX0129780,POINT,TX,6,2022,2022-09-12T09:05:10.685-0500,Other,1.39,0,,Other Management Practice,,,,1.39,Not Applicable,other_system,"[7999, 7999]"
181,1294,SPRING OAKS MHP WWTP,TX0092088,NAVASOTA,TX,6,2022,2022-09-29T16:57:22.672-0500,A Class I Sludge Management Facility as defined in 40 CFR 503.9,1.27,0,,Other Management Practice,,,,1.27,Class B,other_system,[6515]
89,591,LOUIS VUITTON RANCHO 54,TX0138061,SAN DIMAS,CA,6,2022,2022-09-19T16:44:50.705-0500,Other,1.14,0,,Other Management Practice,,,,1.14,Not Applicable,other_system,[3171]
92,630,CONVENIENCE RV PARK WWTP,TX0118281,WILLIS,TX,6,2022,2022-09-20T12:37:20.372-0500,Other,1.13183941,0,,Other Management Practice,,,,1.13183941,Not Applicable,other_system,[7033]
62,474,UNION GROVE ISD WWTP,TX0102997,GLADEWATER,TX,6,2022,2022-09-16T08:23:06.493-0500,Other,1.1,0,,Other Management Practice,,,,1.1,Not Applicable,other_system,"[8211, 8211]"
40,240,WODEN ISD WWTP,TX0134449,WODEN,TX,6,2022,2022-09-06T09:38:34.025-0500,Other,1.0425,0,,Other Management Practice,,,,1.0425,Not Applicable,other_system,"[8211, 8211]"
114,837,RAMBLEWOOD MHP WWTP,TX0033197,CEDAREDGE,CO,6,2022,2022-09-25T13:01:07.891-0500,Other,1.033,0,,Other Management Practice,,,,1.033,Class B,other_system,[6515]
99,736,MCDONALD OBSERVATORY LOWER WWTF,TX0076422,AUSTIN,TX,6,2022,2022-09-27T14:00:57.925-0500,Other,0.962,0,,Other Management Practice,,,,0.962,Not Applicable,other_system,"[8221, 8221]"
59,441,VALLOUREC STAR,TX0088455,CHANNELVIEW,TX,6,2022,2022-09-29T12:43:52.102-0500,Other,0.95,0,,Other Management Practice,,,,0.95,Not Applicable,other_system,"[3498, 3498, 3498, 3498, 3498]"
984,3867,"KENNECOTT UTAH COPPER, LLC",UTL000051,SALT LAKE CITY,UT,8,2022,2023-02-21T14:01:58.048-0500,Other,0.93,0,,Other Management Practice,,,,0.93,Not Applicable,other_system,"[3331, 3331, 1021, 3331, 1021]"
141,1000,COTTON BAYOU PARK,TX0085961,LEAGUE CITY,TX,6,2022,2022-09-27T10:51:02.159-0500,A Class I Sludge Management Facility as defined in 40 CFR 503.9,0.9003416,0,,Other Management Practice,,,,0.9003416,Not Applicable,other_system,[6515]
205,1483,HAPPY HILL FARM CHILDRENS HOME WWTP,TX0138827,GRANBURY,TX,6,2022,2022-09-29T20:23:32.572-0500,A Class I Sludge Management Facility as defined in 40 CFR 503.9,0.824,0,,Other Management Practice,,,,0.824,Not Applicable,other_system,"[4941, 8361]"
144,1014,SPLENDORA HIGH SCHOOL WWTF,TX0117463,SPLENDORA,TX,6,2022,2022-09-27T11:29:48.707-0500,Other,0.76,0,,Other Management Practice,,,,0.76,Class B,other_system,"[8211, 8211]"
179,1272,GREENS BAYOU FABRICATION YARD,TX0100935,CYRPESS,TX,6,2022,2022-09-28T22:24:03.912-0500,Other,0.76,0,,Other Management Practice,,,,0.76,Class B,other_system,"[3731, 3498, 3731, 3498, 3498, 3498, 3731, 3731, 3731]"
70,510,KNOX LEE POWER PLANT,TX0000540,LONGVIEW,TX,6,2022,2022-09-20T13:16:04.374-0500,Other,0.75,0,,Other Management Practice,,,,0.75,Not Applicable,other_system,"[4911, 4911, 4911, 4911, 4911, 4911, 4911, 4911]"
75,539,BROOKELAND ISD WWTP,TX0099082,BROOKLAND,TX,6,2022,2022-09-19T07:52:44.969-0500,Other,0.7,0,,Other Management Practice,,,,0.7,Class B,other_system,"[8211, 8211]"
266,1795,EAGLE MOUNTAIN RV PARK WWTP,TX0097853,FORT WORTH,TX,6,2022,2022-12-21T17:01:22.266-0500,Other,0.68236364,0,,Other Management Practice,,,,0.68236364,Not Applicable,other_system,[7033]
41,261,RIVERCREST ISD WWTF,TX0116556,BOGATA,TX,6,2022,2022-09-06T14:25:56.694-0500,Other,0.681,0,,Other Management Practice,,,,0.681,Not Applicable,other_system,"[8211, 8211]"
31,216,SHELBYVILLE ISD WWTF,TX0102261,SHELBYVILLE,TX,6,2022,2022-09-02T11:51:21.350-0500,Other,0.68,0,,Other Management Practice,,,,0.68,Class B,other_system,"[8211, 8211]"
130,938,BAYOU CLUB WWTP,TX0083933,SPRING,TX,6,2022,2022-09-26T16:14:57.881-0500,A Class I Sludge Management Facility as defined in 40 CFR 503.9,0.492,0,,Other Management Practice,,,,0.492,Class B,other_system,[8641]
90,597,UFP-NEW WAVERLY WWTP,TX0028169,GRAND RAPIDS,MI,6,2022,2022-09-28T09:05:32.902-0500,Other,0.49,0,,Land Application,0.49,,,,Class B,other_system,"[2491, 2493, 2491, 2441, 2421, 2441, 2436, 2421, 2436, 2491, 2436, 2436, 2436]"
207,1486,MONUMENT INN WWTP,TX0113760,LA PORTE,TX,6,2022,2022-10-03T11:01:42.709-0500,Other,0.49,0,,Other Management Practice,,,,0.49,Class B,other_system,[5812]
4,25,CHISOS BASIN  WWTP,TX0094684,BIG BEND NATIONAL PARK,TX,6,2022,2022-09-14T07:22:25.560-0500,Other,0.375,0,,Other Management Practice,,,,0.375,Not Applicable,other_system,"[7999, 7999]"
265,1794,D BAR B WWTP,TX0032212,DALLAS,TX,6,2022,2022-12-21T16:37:54.305-0500,Other,0.34118182,0,,Other Management Practice,,,,0.34118182,Not Applicable,other_system,[6515]
22,184,SUN ACRES MHP WWTF,TX0117242,KILGORE,TX,6,2022,2022-09-16T10:40:13.914-0500,A Class I Sludge Management Facility as defined in 40 CFR 503.9,0.34,0,,Other Management Practice,,,,0.16,Not Applicable,other_system,[6515]
72,516,NATIONAL COIL WWTF,TX0117820,LONGVIEW,TX,6,2022,2022-09-19T10:58:57.189-0500,A Class I Sludge Management Facility as defined in 40 CFR 503.9,0.32,0,,Other Management Practice,,,,0.32,Not Applicable,other_system,[5075]
38,234,TIDEHAVEN JHS-HS WWTP,TX0136280,EL MATON,TX,6,2022,2022-09-04T20:11:48.841-0500,Other,0.281,0,,Other Management Practice,,,,0.281,Not Applicable,other_system,[8211]
82,572,COUNTRY LIVING MHP WWTP,TX0100188,MARSHALL,TX,6,2022,2022-09-20T23:35:30.109-0500,A Class I Sludge Management Facility as defined in 40 CFR 503.9,0.26,0,,Other Management Practice,,,,0.26,Not Applicable,other_system,[6515]
96,709,HIGH POINT ELEMENTARY WWTF,TX0128333,NAVASOTA,TX,6,2022,2022-10-28T11:25:05.728-0500,Other,0.26,0,,Other Management Practice,,,,0.26,Not Applicable,other_system,"[8211, 8211]"
228,1613,WEST HARDIN COUNTY CISD WWTF,TX0030813,SARATOGA,TX,6,2022,2022-09-30T17:57:58.470-0500,Other,0.25,0,,Other Management Practice,,,,0.25,Not Applicable,other_system,"[8211, 8211]"
81,561,CAMP SUMMIT,TX0122386,DALLAS,TX,6,2022,2022-09-19T15:49:03.499-0500,Other,0.24,0,,Other Management Practice,,,,0.24,Not Applicable,other_system,[7011]
15,138,TRINITY INDUSTRIES PLANT 19 WWTF,TX0111465,DALKS,TX,6,2022,2022-09-16T13:38:07.335-0500,Other,0.159,0,,Other Management Practice,,,,0.159,Not Applicable,other_system,"[3743, 3743]"
202,1462,SIGMAPRO WWTP,TX0138754,FORT WORTH,TX,6,2022,2022-09-29T16:03:23.063-0500,Other,0.15163636,0,,Other Management Practice,,,,0.15163636,Not Applicable,other_system,[6519]
63,484,TUBOSCOPE SHELDON ROAD NORTH WWTP,TX0087491,HOUSTON,TX,6,2022,2022-09-15T14:30:05.975-0500,A Class I Sludge Management Facility as defined in 40 CFR 503.9,0.106,0,,Other Management Practice,,,,0.106,Class B,other_system,[1389]
105,791,HALLIBURTON GALVESTON PELICAN ISLAND WWTP,TX0119482,HOUSTON,TX,6,2022,2022-09-28T16:15:03.285-0500,Other,0.1,0,,Other Management Practice,,,,0.1,Class B,other_system,[1389]
3,16,PURTIS CREEK STATE PARK WWTP,TX0082856,AUSTIN,TX,6,2022,2022-08-01T11:19:59.102-0500,Other,0.0005,0,,Other Management Practice,,,,0.0005,Not Applicable,other_system,"[7033, 7033]"
1,14,AUSTIN COUNTY WSC  PLANT 3,TX0125709,BELLVILLE,TX,6,2022,2022-09-07T10:35:30.119-0500,Other,0,0,,Other Management Practice,,,,,Not Applicable,other_system,"[4941, 4941]"
2,15,LAKE PFLUGERVILLE WWTF,TX0132721,PFLUGERVILLE,TX,6,2022,2022-10-07T13:37:35.841-0500,A Class I Sludge Management Facility as defined in 40 CFR 503.9,0,0,,Other Management Practice,,,,,Class A,other_system,"[1541, 4941, 4941]"
5,35,LAUGHLIN AFB WWTP BLDG 1004,TX0022608,LAUGHLIN AIR FORCE BASE,TX,6,2022,2022-08-31T07:59:34.879-0500,Other,0,0,,Other Management Practice,,,,,Not Applicable,other_system,"[9711, 1542, 9711, 9711, 1542, 4581, 9711, 9711, 9711, 9711, 1623]"
7,49,TOWN OF MUSTANG MHP WWTF,TX0125199,CORSICANA,TX,6,2022,2022-09-23T22:38:38.197-0500,Other,0,0,,Other Management Practice,,,,,Not Applicable,other_system,"[6515, 6515]"
8,56,HARMONY ISD WWTP,TX0097233,BIG SANDY,TX,6,2022,2022-09-29T18:29:22.085-0500,Other,0,0,,Other Management Practice,,,,,Not Applicable,other_system,"[8211, 8211]"
10,92,MARTIN DIES JR WWTP,TX0068276,AUSTIN,TX,6,2022,2022-09-07T11:52:22.837-0500,Other,0,0,,Other Management Practice,,,,,Not Applicable,other_system,"[7033, 7033]"
14,135,HOOKS JUNIOR HIGH WWTF,TX0118079,HOOKS,TX,6,2022,2022-08-29T08:58:09.055-0500,Other,0,0,,Other Management Practice,,,,,Not Applicable,other_system,"[8211, 8211]"
20,181,JESUS AWAKENING MOVEMENT FOR AMERICA WWTP,TX0134937,LINDALE,TX,6,2022,2022-09-08T09:34:32.712-0500,A Class I Sludge Management Facility as defined in 40 CFR 503.9,0,0,,Other Management Practice,,,,,Class A,other_system,[8661]
21,182,OAK HAVEN RECOVERY CENTER WWTP,TX0068004,LONGVIEW,TX,6,2022,2022-08-31T15:35:30.132-0500,A Class I Sludge Management Facility as defined in 40 CFR 503.9,0,0,,Other Management Practice,,,,,Not Applicable,other_system,"[8051, 8051]"
23,188,BIRKHEAD WELL WWTP,TX0119351,ROCKDALE,TX,6,2022,2022-09-01T10:00:53.274-0500,Other,0,0,,Other Management Practice,,,,,Class B,other_system,[4941]
24,190,MILANO WELL WWTP,TX0126497,ROCKDALE,TX,6,2022,2022-09-01T10:04:48.151-0500,Other,0,0,,Other Management Practice,,,,,Class B,other_system,[4941]
25,191,ANTHIS WELL WTP,TX0126730,ROCKDALE,TX,6,2022,2022-09-01T10:07:39.716-0500,Other,0,0,,Other Management Practice,,,,,Class B,other_system,"[4941, 4941]"
26,192,BLUE IRON REMOVAL PLANT WTP,TX0132764,BASTROP,TX,6,2022,2022-09-01T10:34:47.209-0500,Other,0,0,,Other Management Practice,,,,,Not Applicable,other_system,"[4941, 4941]"
27,193,MCDADE IRON REMOVAL WTP,TX0127132,BASTROP,TX,6,2022,2022-09-01T10:37:59.337-0500,Other,0,0,,Other Management Practice,,,,,Not Applicable,other_system,[4941]
28,194,C IRON REMOVAL WTP,TX0119954,BASTROP,TX,6,2022,2022-09-01T10:39:24.099-0500,Other,0,0,,Other Management Practice,,,,,Not Applicable,other_system,[4941]
29,196,CAMP SWIFT IRON REMOVAL WTP,TX0119946,BASTROP,TX,6,2022,2022-09-01T10:41:25.590-0500,Other,0,0,,Other Management Practice,,,,,Not Applicable,other_system,[4941]
30,209,UNION HILL ISD WWTP,TX0118451,GILMER,TX,6,2022,2022-09-16T09:11:51.532-0500,A Class I Sludge Management Facility as defined in 40 CFR 503.9,0,0,,Other Management Practice,,,,,Not Applicable,other_system,"[8211, 8211, 8211]"
33,221,BRAZOS ISD WWTP,TX0068713,WALLIS,TX,6,2022,2022-09-02T13:38:08.227-0500,A Class I Sludge Management Facility as defined in 40 CFR 503.9,0,0,,Other Management Practice,,,,,Not Applicable,other_system,"[8211, 8211]"
34,222,CAYUGA ISD ,TX0111520,CAYUGA,TX,6,2022,2022-09-08T10:52:43.087-0500,Other,0,0,,Other Management Practice,,,,,Not Applicable,other_system,"[8211, 8211]"
35,223,SLIDELL ISD WWTP,TX0124494,SLIDELL,TX,6,2022,2022-09-02T13:50:33.940-0500,Other,0,0,,Other Management Practice,,,,,Not Applicable,other_system,"[8211, 8211]"
36,229,CITY OF ARCHER CITY WTP,TX0127019,ARCHER CITY,TX,6,2022,2022-09-04T09:53:56.099-0500,Other,0,0,,Other Management Practice,,,,,Not Applicable,other_system,[4941]
37,230,TPWD LAKE LIVINGSTON STATE PARK,TX0062961,AUSTIN,TX,6,2022,2022-09-04T11:40:38.428-0500,Other,0,0,,Other Management Practice,,,,,Not Applicable,other_system,"[7033, 7033]"
43,274,COLLIN COUNTY ADVENTURE CAMP WWTF,TX0126241,IRVING,TX,6,2022,2022-09-07T10:08:14.825-0500,Other,0,0,,Other Management Practice,,,,,Not Applicable,other_system,[7032]
47,343,BOVAY SCOUT RANCH WWTP,TX0119083,HOUSTON,TX,6,2022,2022-09-09T11:41:51.080-0500,Other,0,0,,Other Management Practice,,,,,Not Applicable,other_system,[7032]
51,359,BISHOP CISD WWTP,TX0069884,BISHOP,TX,6,2022,2022-09-10T12:33:11.988-0500,Other,0,0,,Other Management Practice,,,,,Class B,other_system,"[8211, 8211]"
52,362,HIGH ISLAND ISD WWTF,TX0134945,HIGH ISLAND,TX,6,2022,2022-09-20T15:33:43.500-0500,Other,0,0,,Other Management Practice,,,,,Not Applicable,other_system,"[8211, 8211]"
53,394,CAMP MAXEY WWTF,TX0101214,AUSTIN,TX,6,2022,2022-09-27T10:26:07.920-0500,Other,0,0,,Other Management Practice,,,,,Not Applicable,other_system,"[9711, 7032, 9711, 7032]"
56,423,CAMP JOHN MARC WWTF,TX0106224,DALLAS,TX,6,2022,2022-09-13T14:59:45.821-0500,Other,0,0,,Other Management Practice,,,,,Not Applicable,other_system,[7032]
57,424,WOLF CREEK PARK WWTP,TX0024775,LIVINGSTON,TX,6,2022,2022-09-15T14:19:43.662-0500,Other,0,0,,Other Management Practice,,,,,Not Applicable,other_system,"[7033, 7033]"
58,425,LEVERETT'S CHAPEL ISD WWTP,TX0030686,LAIRD HILL,TX,6,2022,2022-09-13T16:02:59.871-0500,A Class I Sludge Management Facility as defined in 40 CFR 503.9,0,0,,Other Management Practice,,,,,Not Applicable,other_system,"[8211, 8211]"
60,451,SHELDON INSPECTION SOUTH WWTP,TX0130036,HOUSTON,TX,6,2022,2022-09-15T14:31:52.501-0500,A Class I Sludge Management Facility as defined in 40 CFR 503.9,0,0,,Other Management Practice,,,,,Not Applicable,other_system,[1389]
61,462,TEASELVILLE WELL 1 WWTF,TX0118273,TYLER,TX,6,2022,2022-09-16T09:37:17.730-0500,"A POTW that serves 10,000 people or more",0,0,,Other Management Practice,,,,,Class B,other_system,[4941]
65,498,HOLY TRINITY EPISCOPAL SCHOOL WWTP,TX0125326,HOUSTON,TX,6,2022,2022-09-15T15:48:29.197-0500,Other,0,0,,Other Management Practice,,,,,Class B,other_system,[8211]
67,505,GONZALES COUNTY WSC 794 WELL SITE,TX0138215,GONZALES,TX,6,2022,2022-09-16T09:27:17.981-0500,A Class I Sludge Management Facility as defined in 40 CFR 503.9,0,0,,Other Management Practice,,,,,Not Applicable,other_system,[4941]
73,529,CARLISLE ISD WWTP,TX0124371,PRICE,TX,6,2022,2022-10-11T16:00:53.519-0500,A Class I Sludge Management Facility as defined in 40 CFR 503.9,0,0,,Other Management Practice,,,,,Not Applicable,other_system,"[8211, 8211]"
74,538,IS ZEN CENTER WWTF,TX0126306,MAGNOLIA,TX,6,2022,2022-09-18T06:10:07.339-0500,Other,0,0,,Other Management Practice,,,,,Not Applicable,other_system,[7041]
76,543,DALE PUMP STATION,TX0117170,LOCKHART,TX,6,2022,2022-09-19T09:10:39.443-0500,Other,0,0,,Other Management Practice,,,,,Not Applicable,other_system,[4941]
77,544,BROWNSBORO WTP,TX0117188,LOCKHART,TX,6,2022,2022-09-19T09:14:32.270-0500,Other,0,0,,Other Management Practice,,,,,Not Applicable,other_system,[4941]
78,545,DALE WELL 2A WTF,TX0134481,LOCKHART,TX,6,2022,2022-09-19T09:16:21.947-0500,Other,0,0,,Other Management Practice,,,,,Not Applicable,other_system,[4941]
91,610,CITY OF GOLDTHWAITE WTP,TX0126667,GOLDTHWAITE,TX,6,2022,2022-09-20T10:19:27.313-0500,A Class I Sludge Management Facility as defined in 40 CFR 503.9,0,0,,Other Management Practice,,,,,Not Applicable,other_system,"[4941, 4941]"
94,653,CANUTILLO MIDDLE SCHOOL WWTP,TX0137146,CANUTILLO,TX,6,2022,2022-09-20T16:59:36.773-0500,Other,0,0,,Other Management Practice,,,,,Not Applicable,other_system,"[8211, 8211]"
97,726,RED WARE ELEMENTARY WWTP,TX0102555,CALLISBURG,TX,6,2022,2022-09-22T08:47:45.328-0500,Other,0,0,,Other Management Practice,,,,,Not Applicable,other_system,"[8211, 8211]"
109,820,DYNAMIC PRODUCTS WWTP,TX0072524,HOUSTON,TX,6,2022,2022-09-23T13:26:55.430-0500,A Class I Sludge Management Facility as defined in 40 CFR 503.9,0,0,,Other Management Practice,,,,,Class B,other_system,"[3498, 3498, 3494]"
111,834,COLLIN PARK MARINA WWTP,TX0057959,WYLIE,TX,6,2022,2022-09-24T10:25:53.359-0500,Other,0,0,,Other Management Practice,,,,,Not Applicable,other_system,[7033]
116,842,GLEN OAKS MHP WWTF,TX0085456,ORLANDO,FL,6,2022,2022-09-25T14:17:40.930-0500,Other,0,0,,Other Management Practice,,,,,Not Applicable,other_system,[6515]
131,939,BRAIRWOOD RETREAT WWTP,TX0091448,ARGYLE,TX,6,2022,2022-09-30T13:53:16.115-0500,Other,0,0,,Other Management Practice,,,,,Not Applicable,other_system,[7033]
133,964,VAM USA,TX0129917,HOUSTON,TX,6,2022,2022-09-27T08:38:36.264-0500,A Class I Sludge Management Facility as defined in 40 CFR 503.9,0,0,,Other Management Practice,,,,,Class B,other_system,[3498]
135,974,ALDINE ISD ANNE LOUISE EDUCATIONAL COMPLEX,TX0115797,HOUSTON,TX,6,2022,2022-09-27T09:36:09.880-0500,A Class I Sludge Management Facility as defined in 40 CFR 503.9,0,0,,Other Management Practice,,,,,Not Applicable,other_system,"[8211, 8211]"
137,984,SCHLUMBERGER ROSHARON COMPLETIONS,TX0078646,ROSHARON,TX,6,2022,2022-09-29T09:45:49.902-0500,Other,0,0,,Other Management Practice,,,,,Not Applicable,other_system,"[2892, 5084, 3533, 3533, 3533, 5084]"
138,990,MEXIA STATE SUPPORTED LIVING CENTER WWTP,TX0030775,MEXIA,TX,6,2022,2022-09-28T11:20:13.615-0500,Other,0,0,,Other Management Practice,,,,,Class B,other_system,"[8063, 8063]"
139,991,SAN JACINTO ELEMENTARY WWTP,TX0083208,CONROE,TX,6,2022,2022-09-27T10:43:07.988-0500,Other,0,0,,Other Management Practice,,,,,Not Applicable,other_system,[8211]
146,1020,FOREST GLEN WWTF,TX0071765,HUNTSVILLE,TX,6,2022,2022-09-27T11:59:39.721-0500,Other,0,0,,Other Management Practice,,,,,Not Applicable,other_system,[7032]
154,1095,WILD PEACH ELEMENTARY WWTF,TX0079235,WEST COLUMBIA,TX,6,2022,2022-10-07T08:44:32.300-0500,Other,0,0,,Other Management Practice,,,,,Not Applicable,other_system,"[8211, 8211]"
156,1104,LOCHINVAR GOLF CLUB WWTP,TX0131555,HOUSTON,TX,6,2022,2022-09-28T08:17:17.462-0500,A Class I Sludge Management Facility as defined in 40 CFR 503.9,0,0,,Other Management Practice,,,,,Class B,other_system,"[7992, 7999]"
157,1105,PADRE ISLAND NATIONAL SEASHORE WWTF,TX0122572,CORPUS CHRISTI,TX,6,2022,2022-09-28T08:23:59.052-0500,Other,0,0,,Other Management Practice,,,,,Not Applicable,other_system,"[7033, 7033, 8999, 9512, 7033]"
160,1124,MELROSE MHP WWTP,TX0084671,TORRANCE,CA,6,2022,2022-09-30T11:23:16.760-0500,Other,0,0,,Other Management Practice,,,,,Not Applicable,other_system,[6515]
161,1129,PIN OAK MHP WWTF,TX0119610,IRVINE,CA,6,2022,2022-09-30T11:33:54.380-0500,Other,0,0,,Other Management Practice,,,,,Not Applicable,other_system,[6515]
162,1132,ALDINE OAKS MHC WWTP,TX0124265,IRVINE,CA,6,2022,2022-09-30T11:39:34.505-0500,Other,0,0,,Other Management Practice,,,,,Not Applicable,other_system,[6515]
163,1142,LAKEVIEW METHODIST CONFERENCE CENTER WWTP,TX0066150,PALESTINE,TX,6,2022,2022-09-28T10:55:07.476-0500,A Class I Sludge Management Facility as defined in 40 CFR 503.9,0,0,,Other Management Practice,,,,,Not Applicable,other_system,[7032]
169,1201,SRALLA MHP WWTP,TX0126381,MAGNOLIA,TX,6,2022,2022-09-28T14:24:35.912-0500,Other,0,0,,Other Management Practice,,,,,Not Applicable,other_system,[6515]
174,1234,CAROLINA CREEK CHRISTIAN CAMPS,TX0127370,HOUSTON,TX,6,2022,2022-09-29T11:12:35.573-0500,Other,0,0,,Other Management Practice,,,,,Not Applicable,other_system,[8661]
175,1240,GBW RAILCAR SERVICES HOCKLEY,TX0090841,HOCKLEY,TX,6,2022,2022-09-30T11:28:19.590-0500,Other,0,0,,Other Management Practice,,,,,Not Applicable,other_system,"[4011, 4789, 4789, 4789, 4011]"
176,1250,FORT WORTH BOAT CLUB WWTP,TX0067504,FORT WORTH,TX,6,2022,2022-09-30T13:50:57.285-0500,Other,0,0,,Other Management Practice,,,,,Not Applicable,other_system,[7999]
180,1275,RIVER HILLS OWNERS ASSOCIATION,TX0033154,DENISON,TX,6,2022,2022-10-07T13:16:22.109-0500,Other,0,0,,Other Management Practice,,,,,Not Applicable,other_system,[6515]
183,1298,CHRISTIAN TABERNACLE WWTF,TX0126594,HOUSTON,TX,6,2022,2022-09-29T16:51:15.288-0500,A Class I Sludge Management Facility as defined in 40 CFR 503.9,0,0,,Other Management Practice,,,,,Not Applicable,other_system,[8661]
188,1334,APPLE SPRINGS ISD WETLANDS WWT,TX0118966,APPLE SPRINGS,TX,6,2022,2022-09-29T11:05:24.253-0500,Other,0,0,,Other Management Practice,,,,26.8,Not Applicable,other_system,[8211]
192,1355,MOSCOW WWTP,TX0075701,MOSCOW,TX,6,2022,2022-09-29T11:24:50.591-0500,Other,0,0,,Other Management Practice,,,,,Not Applicable,other_system,[4941]
204,1472,THE PARK,TX0136590,SUGARLAND,TX,6,2022,2022-09-29T18:02:35.949-0500,Other,0,0,,Other Management Practice,,,,,Not Applicable,other_system,[4941]
214,1502,LONE WILLOW WWTF,TX0095508,WILLIS,TX,6,2022,2022-09-29T22:41:52.368-0500,Other,0,0,,Other Management Practice,,,,,Not Applicable,other_system,[6515]
217,1530,LEON ISD WWTP,TX0135127,JEWETT,TX,6,2022,2022-09-30T10:38:53.346-0500,Other,0,0,,Other Management Practice,,,,,Class B,other_system,"[8211, 8211]"
218,1534,YELLOW ROSE TRAVEL PLAZA WTP,TX0135992,PASADENA,TX,6,2022,2022-09-30T10:41:27.763-0500,Other,0,0,,Other Management Practice,,,,,Class B,other_system,[4941]
221,1570,EAGLE CREEK RANCH WTP,TX0128007,AUSTIN,TX,6,2022,2022-09-30T13:31:49.617-0500,Other,0,0,,Other Management Practice,,,,,Not Applicable,other_system,[4941]
223,1592,GOSPEL FOR ASIA CAMPUS MINISTRY WWTP,TX0134708,WILLS POINT,TX,6,2022,2022-09-30T15:00:59.673-0500,Other,0,0,,Other Management Practice,,,,,Not Applicable,other_system,[8661]
227,1609,D&L MHP WWTP,TX0133001,HOUSTON,TX,6,2022,2022-09-30T16:19:12.896-0500,Other,0,0,,Other Management Practice,,,,,Not Applicable,other_system,"[6515, 6515]"
231,1632,POPE'S LANDING WWTF,TX0103365,ALBA,TX,6,2022,2022-10-01T14:47:14.946-0500,A Class I Sludge Management Facility as defined in 40 CFR 503.9,0,0,,Other Management Practice,,,,,Not Applicable,other_system,[7033]
232,1638,NORTH TEXAS STATE HOSPITAL VERNON CAMPUS SOUTH ,TX0030732,VERNON,TX,6,2022,2022-10-03T15:11:45.049-0500,Other,0,0,,Other Management Practice,,,,,Not Applicable,other_system,"[9223, 9223]"
234,1652,RUTERSVILLE WTP,TX0132772,LA GRANGE,TX,6,2022,2022-10-07T08:10:59.417-0500,Other,0,0,,Other Management Practice,,,,,Not Applicable,other_system,[4941]
235,1653,FAYETTE WSC WATER WELL 4,TX0126861,LA GRANGE,TX,6,2022,2022-10-07T08:12:25.014-0500,Other,0,0,,Other Management Practice,,,,,Not Applicable,other_system,[4941]
236,1663,ERA WWTP,TX0130117,ERA,TX,6,2022,2022-10-07T09:11:51.171-0500,Other,0,0,,Other Management Practice,,,,,Not Applicable,other_system,"[8211, 8211]"
237,1684,CANAL WTP,TX0135500,EL PASO,TX,6,2022,2022-10-07T13:56:00.948-0500,"A POTW with a design flow rate equal to or greater than one million gallons per day; A POTW that serves 10,000 people or more",0,0,,Other Management Practice,,,,,Not Applicable,other_system,[4941]
242,1734,MHC TT LAKE WHITNEY PRESERVE,TX0097691,CHICAGO,IL,6,2022,2022-10-19T11:03:58.238-0500,Other,0,0,,Other Management Practice,,,,,Not Applicable,other_system,[7033]
243,1740,WILLIE J HARGROVE HIGH SCHOOL WWTP,TX0075761,HUFFMAN,TX,6,2022,2022-11-20T23:14:11.456-0500,Other,0,0,,Other Management Practice,,,,,Not Applicable,other_system,"[8211, 8211]"
344,2031,PEARLAND ACRES MHP WWTF,TX0135283,WSTLAKE VILLAGE,CA,6,2022,2023-01-19T16:24:33.517-0500,A Class I Sludge Management Facility as defined in 40 CFR 503.9,0,0,,Other Management Practice,,,,,Not Applicable,other_system,"[6515, 6515]"
361,2071,NEW DANVILLE COMMUNITY WWTP,TX0132012,WILLIS,TX,6,2022,2023-03-17T13:22:09.006-0500,Other,0,0,,Other Management Practice,,,,,Not Applicable,other_system,[8361]
504,2500,ROCKINGHAM COUNTY HOME,NHL100609,BRENTWOOD,NH,1,2022,2023-02-14T12:24:08.520-0500,A Class I Sludge Management Facility as defined in 40 CFR 503.9,0,0,,Other Management Practice,,,,,Not Applicable,other_system,"[8051, 9223, 8051, 9223]"
565,2665,BARDSTOWN TOWN CREEK WWTP,KYL020237,BARDSTOWN,KY,4,2022,2023-01-30T10:25:43.354-0500,"A Class I Sludge Management Facility as defined in 40 CFR 503.9; A POTW with a design flow rate equal to or greater than one million gallons per day; A POTW that serves 10,000 people or more",0,0,,Other Management Practice,,,,,Not Applicable,other_system,"[9511, 9511, 4941]"
1108,4171,NOONDAY WATER WELL 2 WWTF,TX0118362,TYLER,TX,6,2022,2023-09-19T14:18:14.733-0500,"A POTW that serves 10,000 people or more",0,0,,Other Management Practice,,,,,Class B,other_system,[4941]